<?xml version="1.0" encoding="UTF-8"?>
<metadata xml:lang="zh"><Esri><CreaDate>20230925</CreaDate><CreaTime>18191200</CreaTime><ArcGISFormat>1.0</ArcGISFormat><SyncOnce>TRUE</SyncOnce><DataProperties><lineage><Process Name="修复几何" ToolSource="c:\program files\arcgis\pro\Resources\ArcToolbox\toolboxes\Data Management Tools.tbx\RepairGeometry" Date="20230925" Time="181912">RepairGeometry 2023年\2023年县级 DELETE_NULL Esri</Process><Process Name="修复几何" ToolSource="c:\program files\arcgis\pro\Resources\ArcToolbox\toolboxes\Data Management Tools.tbx\RepairGeometry" Date="20230925" Time="182435">RepairGeometry 2023年\2023年县级 DELETE_NULL OGC</Process><Process Name="修复几何" ToolSource="c:\program files\arcgis\pro\Resources\ArcToolbox\toolboxes\Data Management Tools.tbx\RepairGeometry" Date="20231013" Time="195809">RepairGeometry 2023年\2023年县级 DELETE_NULL Esri</Process><Process Name="修复几何" ToolSource="c:\program files\arcgis\pro\Resources\ArcToolbox\toolboxes\Data Management Tools.tbx\RepairGeometry" Date="20231013" Time="200434">RepairGeometry 2023年\2023年县级 DELETE_NULL OGC</Process><Process Name="修复几何" ToolSource="c:\program files\arcgis\pro\Resources\ArcToolbox\toolboxes\Data Management Tools.tbx\RepairGeometry" Date="20231015" Time="212326">RepairGeometry 2023年\2023年县级 DELETE_NULL Esri</Process><Process Name="修复几何" ToolSource="c:\program files\arcgis\pro\Resources\ArcToolbox\toolboxes\Data Management Tools.tbx\RepairGeometry" Date="20231015" Time="213023">RepairGeometry 2023年\2023年县级 DELETE_NULL OGC</Process><Process ToolSource="c:\program files\arcgis\pro\Resources\ArcToolbox\Toolboxes\Data Management Tools.tbx\DeleteField" Date="20240113" Time="001738">DeleteField 2023xian 曾用名;备注 删除字段</Process></lineage></DataProperties></Esri></metadata>
