<?xml version="1.0" encoding="UTF-8"?>
<metadata xml:lang="zh"><Esri><CreaDate>20230203</CreaDate><CreaTime>22335800</CreaTime><ArcGISFormat>1.0</ArcGISFormat><SyncOnce>TRUE</SyncOnce><DataProperties><lineage><Process ToolSource="e:\program files\arcgis\desktop\desktop10.6\ArcToolbox\Toolboxes\Data Management Tools.tbx\CalculateField" Date="20230203" Time="223358">CalculateField 2023年\2023年县级 曾用名 "从化市" VB #</Process><Process ToolSource="e:\program files\arcgis\desktop\desktop10.6\ArcToolbox\Toolboxes\Data Management Tools.tbx\CalculateField" Date="20230203" Time="223403">CalculateField 2023年\2023年县级 备注 "2013年撤销从化市，设立从化区" VB #</Process><Process ToolSource="e:\program files\arcgis\desktop\desktop10.6\ArcToolbox\Toolboxes\Data Management Tools.tbx\CalculateField" Date="20230203" Time="223725">CalculateField 2023年\2023年县级 曾用名 "增城市" VB #</Process><Process ToolSource="e:\program files\arcgis\desktop\desktop10.6\ArcToolbox\Toolboxes\Data Management Tools.tbx\CalculateField" Date="20230203" Time="223731">CalculateField 2023年\2023年县级 备注 "2013年撤销增城市，设立增城区" VB #</Process><Process ToolSource="e:\program files\arcgis\desktop\desktop10.6\ArcToolbox\Toolboxes\Data Management Tools.tbx\CalculateField" Date="20230203" Time="230040">CalculateField 2023年\2023年县级 备注 "2013年萝岗区并入黄埔区" VB #</Process><Process ToolSource="e:\program files\arcgis\desktop\desktop10.6\ArcToolbox\Toolboxes\Data Management Tools.tbx\CalculateField" Date="20230203" Time="235931">CalculateField 2023年\2023年县级 曾用名 "云安县" VB #</Process><Process ToolSource="e:\program files\arcgis\desktop\desktop10.6\ArcToolbox\Toolboxes\Data Management Tools.tbx\CalculateField" Date="20230203" Time="235936">CalculateField 2023年\2023年县级 备注 "2013年撤销云安县，设立云安区" VB #</Process><Process ToolSource="e:\program files\arcgis\desktop\desktop10.6\ArcToolbox\Toolboxes\Data Management Tools.tbx\CalculateField" Date="20230204" Time="000937">CalculateField 2023年\2023年县级 曾用名 "阳东县" VB #</Process><Process ToolSource="e:\program files\arcgis\desktop\desktop10.6\ArcToolbox\Toolboxes\Data Management Tools.tbx\CalculateField" Date="20230204" Time="000943">CalculateField 2023年\2023年县级 备注 "2013年撤销阳东县，设立阳东区" VB #</Process><Process ToolSource="e:\program files\arcgis\desktop\desktop10.6\ArcToolbox\Toolboxes\Data Management Tools.tbx\CalculateField" Date="20230204" Time="010646">CalculateField 2023年\2023年县级 备注 "撤销茂港区、电白县，新设电白区" VB #</Process><Process ToolSource="e:\program files\arcgis\desktop\desktop10.6\ArcToolbox\Toolboxes\Data Management Tools.tbx\CalculateField" Date="20230204" Time="015237">CalculateField 2023年\2023年县级 曾用名 "文登市" VB #</Process><Process ToolSource="e:\program files\arcgis\desktop\desktop10.6\ArcToolbox\Toolboxes\Data Management Tools.tbx\CalculateField" Date="20230204" Time="015243">CalculateField 2023年\2023年县级 备注 "2013年撤销文登市，新设文登市" VB #</Process><Process ToolSource="e:\program files\arcgis\desktop\desktop10.6\ArcToolbox\Toolboxes\Data Management Tools.tbx\CalculateField" Date="20230204" Time="225440">CalculateField 2023年\2023年县级 曾用名 "沾化县" VB #</Process><Process ToolSource="e:\program files\arcgis\desktop\desktop10.6\ArcToolbox\Toolboxes\Data Management Tools.tbx\CalculateField" Date="20230204" Time="225445">CalculateField 2023年\2023年县级 备注 "2013年撤销沾化县，设立沾化区" VB #</Process><Process ToolSource="e:\program files\arcgis\desktop\desktop10.6\ArcToolbox\Toolboxes\Data Management Tools.tbx\CalculateField" Date="20230204" Time="230626">CalculateField 2023年\2023年县级 曾用名 "陵县" VB #</Process><Process ToolSource="e:\program files\arcgis\desktop\desktop10.6\ArcToolbox\Toolboxes\Data Management Tools.tbx\CalculateField" Date="20230204" Time="230630">CalculateField 2023年\2023年县级 备注 "2013年撤销陵县，设立陵城区" VB #</Process><Process ToolSource="e:\program files\arcgis\desktop\desktop10.6\ArcToolbox\Toolboxes\Data Management Tools.tbx\CalculateField" Date="20230204" Time="231528">CalculateField 2023年\2023年县级 曾用名 "苍山县" VB #</Process><Process ToolSource="e:\program files\arcgis\desktop\desktop10.6\ArcToolbox\Toolboxes\Data Management Tools.tbx\CalculateField" Date="20230204" Time="231533">CalculateField 2023年\2023年县级 备注 "2013年更名为兰陵县" VB #</Process><Process ToolSource="e:\program files\arcgis\desktop\desktop10.6\ArcToolbox\Toolboxes\Data Management Tools.tbx\CalculateField" Date="20230204" Time="232736">CalculateField 2023年\2023年县级 曾用名 "双城市" VB #</Process><Process ToolSource="e:\program files\arcgis\desktop\desktop10.6\ArcToolbox\Toolboxes\Data Management Tools.tbx\CalculateField" Date="20230204" Time="232740">CalculateField 2023年\2023年县级 备注 "2013年撤销双城市，设立双城区" VB #</Process><Process ToolSource="e:\program files\arcgis\desktop\desktop10.6\ArcToolbox\Toolboxes\Data Management Tools.tbx\CalculateField" Date="20230204" Time="233325">CalculateField 2023年\2023年县级 曾用名 "赣榆县" VB #</Process><Process ToolSource="e:\program files\arcgis\desktop\desktop10.6\ArcToolbox\Toolboxes\Data Management Tools.tbx\CalculateField" Date="20230204" Time="233330">CalculateField 2023年\2023年县级 备注 "2013年撤销赣榆县，设立赣榆区" VB #</Process><Process ToolSource="e:\program files\arcgis\desktop\desktop10.6\ArcToolbox\Toolboxes\Data Management Tools.tbx\CalculateField" Date="20230204" Time="235754">CalculateField 2023年\2023年县级 曾用名 "建阳市" VB #</Process><Process ToolSource="e:\program files\arcgis\desktop\desktop10.6\ArcToolbox\Toolboxes\Data Management Tools.tbx\CalculateField" Date="20230204" Time="235758">CalculateField 2023年\2023年县级 备注 "2013年撤销建阳市，设立建阳区" VB #</Process><Process ToolSource="e:\program files\arcgis\desktop\desktop10.6\ArcToolbox\Toolboxes\Data Management Tools.tbx\CalculateField" Date="20230205" Time="000431">CalculateField 2023年\2023年县级 曾用名 "永定县" VB #</Process><Process ToolSource="e:\program files\arcgis\desktop\desktop10.6\ArcToolbox\Toolboxes\Data Management Tools.tbx\CalculateField" Date="20230205" Time="000447">CalculateField 2023年\2023年县级 备注 "2013年撤销永定县，设立永定区" VB #</Process><Process ToolSource="e:\program files\arcgis\desktop\desktop10.6\ArcToolbox\Toolboxes\Data Management Tools.tbx\CalculateField" Date="20230207" Time="220108">CalculateField 2023年\2023年县级 曾用名 "铜梁县" VB #</Process><Process ToolSource="e:\program files\arcgis\desktop\desktop10.6\ArcToolbox\Toolboxes\Data Management Tools.tbx\CalculateField" Date="20230207" Time="220112">CalculateField 2023年\2023年县级 备注 "2013年撤销铜梁县，设立铜梁区" VB #</Process><Process ToolSource="e:\program files\arcgis\desktop\desktop10.6\ArcToolbox\Toolboxes\Data Management Tools.tbx\CalculateField" Date="20230207" Time="223252">CalculateField 2023年\2023年县级 曾用名 "璧山县" VB #</Process><Process ToolSource="e:\program files\arcgis\desktop\desktop10.6\ArcToolbox\Toolboxes\Data Management Tools.tbx\CalculateField" Date="20230207" Time="223256">CalculateField 2023年\2023年县级 备注 "2013年撤销璧山县，设立璧山区" VB #</Process><Process ToolSource="e:\program files\arcgis\desktop\desktop10.6\ArcToolbox\Toolboxes\Data Management Tools.tbx\CalculateField" Date="20230207" Time="224125">CalculateField 2023年\2023年县级 曾用名 "郧县" VB #</Process><Process ToolSource="e:\program files\arcgis\desktop\desktop10.6\ArcToolbox\Toolboxes\Data Management Tools.tbx\CalculateField" Date="20230207" Time="224129">CalculateField 2023年\2023年县级 备注 "2013年撤销郧县，设立郧阳区" VB #</Process><Process ToolSource="e:\program files\arcgis\desktop\desktop10.6\ArcToolbox\Toolboxes\Data Management Tools.tbx\CalculateField" Date="20230207" Time="224534">CalculateField 2023年\2023年县级 曾用名 "开封县" VB #</Process><Process ToolSource="e:\program files\arcgis\desktop\desktop10.6\ArcToolbox\Toolboxes\Data Management Tools.tbx\CalculateField" Date="20230207" Time="224648">CalculateField 2023年\2023年县级 备注 "2013年撤销开封县，设立祥符区" VB #</Process><Process ToolSource="e:\program files\arcgis\desktop\desktop10.6\ArcToolbox\Toolboxes\Data Management Tools.tbx\CalculateField" Date="20230207" Time="230715">CalculateField 2023年\2023年县级 备注 "2013年撤销金明区，并入龙亭区" VB #</Process><Process ToolSource="e:\program files\arcgis\desktop\desktop10.6\ArcToolbox\Toolboxes\Data Management Tools.tbx\CalculateField" Date="20230207" Time="231426">CalculateField 2023年\2023年县级 曾用名 "藁城市" VB #</Process><Process ToolSource="e:\program files\arcgis\desktop\desktop10.6\ArcToolbox\Toolboxes\Data Management Tools.tbx\CalculateField" Date="20230207" Time="231536">CalculateField 2023年\2023年县级 备注 "2013年撤销藁城市，设立藁城区" VB #</Process><Process ToolSource="e:\program files\arcgis\desktop\desktop10.6\ArcToolbox\Toolboxes\Data Management Tools.tbx\CalculateField" Date="20230207" Time="232256">CalculateField 2023年\2023年县级 曾用名 "鹿泉市" VB #</Process><Process ToolSource="e:\program files\arcgis\desktop\desktop10.6\ArcToolbox\Toolboxes\Data Management Tools.tbx\CalculateField" Date="20230207" Time="232405">CalculateField 2023年\2023年县级 备注 "2013年撤销鹿泉市，设立鹿泉区" VB #</Process><Process ToolSource="e:\program files\arcgis\desktop\desktop10.6\ArcToolbox\Toolboxes\Data Management Tools.tbx\CalculateField" Date="20230207" Time="232650">CalculateField 2023年\2023年县级 曾用名 "栾城县" VB #</Process><Process ToolSource="e:\program files\arcgis\desktop\desktop10.6\ArcToolbox\Toolboxes\Data Management Tools.tbx\CalculateField" Date="20230207" Time="232751">CalculateField 2023年\2023年县级 备注 "2013年撤销栾城县，设立栾城区" VB #</Process><Process ToolSource="e:\program files\arcgis\desktop\desktop10.6\ArcToolbox\Toolboxes\Data Management Tools.tbx\CalculateField" Date="20230208" Time="000048">CalculateField 2023年\2023年县级 曾用名 "彭山县" VB #</Process><Process ToolSource="e:\program files\arcgis\desktop\desktop10.6\ArcToolbox\Toolboxes\Data Management Tools.tbx\CalculateField" Date="20230208" Time="000157">CalculateField 2023年\2023年县级 备注 "2013年撤销彭山县，设立彭山区" VB #</Process><Process ToolSource="e:\program files\arcgis\desktop\desktop10.6\ArcToolbox\Toolboxes\Data Management Tools.tbx\CalculateField" Date="20230208" Time="000741">CalculateField 2023年\2023年县级 曾用名 "九台市" VB #</Process><Process ToolSource="e:\program files\arcgis\desktop\desktop10.6\ArcToolbox\Toolboxes\Data Management Tools.tbx\CalculateField" Date="20230208" Time="001029">CalculateField 2023年\2023年县级 备注 "2013年撤销九台市，设立九台区" VB #</Process><Process ToolSource="e:\program files\arcgis\desktop\desktop10.6\ArcToolbox\Toolboxes\Data Management Tools.tbx\CalculateField" Date="20230208" Time="001523">CalculateField 2023年\2023年县级 曾用名 "富阳市" VB #</Process><Process ToolSource="e:\program files\arcgis\desktop\desktop10.6\ArcToolbox\Toolboxes\Data Management Tools.tbx\CalculateField" Date="20230208" Time="001624">CalculateField 2023年\2023年县级 备注 "2013年撤销富阳市，设立富阳区" VB #</Process><Process ToolSource="e:\program files\arcgis\desktop\desktop10.6\ArcToolbox\Toolboxes\Data Management Tools.tbx\CalculateField" Date="20230208" Time="002045">CalculateField 2023年\2023年县级 曾用名 "高陵县" VB #</Process><Process ToolSource="e:\program files\arcgis\desktop\desktop10.6\ArcToolbox\Toolboxes\Data Management Tools.tbx\CalculateField" Date="20230208" Time="002156">CalculateField 2023年\2023年县级 备注 "2013年撤销高陵县，设立高陵区" VB #</Process><Process ToolSource="e:\program files\arcgis\desktop\desktop10.6\ArcToolbox\Toolboxes\Data Management Tools.tbx\CalculateField" Date="20230208" Time="002753">CalculateField 2023年\2023年县级 曾用名 "平坝县" VB #</Process><Process ToolSource="e:\program files\arcgis\desktop\desktop10.6\ArcToolbox\Toolboxes\Data Management Tools.tbx\CalculateField" Date="20230208" Time="002903">CalculateField 2023年\2023年县级 备注 "2013年撤销平坝县，设立平坝区" VB #</Process><Process ToolSource="e:\program files\arcgis\desktop\desktop10.6\ArcToolbox\Toolboxes\Data Management Tools.tbx\CalculateField" Date="20230208" Time="235302">CalculateField 2023年\2023年县级 曾用名 "日喀则市" VB #</Process><Process ToolSource="e:\program files\arcgis\desktop\desktop10.6\ArcToolbox\Toolboxes\Data Management Tools.tbx\CalculateField" Date="20230208" Time="235309">CalculateField 2023年\2023年县级 备注 "2013年撤销日喀则市，设立桑珠孜区" VB #</Process><Process ToolSource="e:\program files\arcgis\desktop\desktop10.6\ArcToolbox\Toolboxes\Data Management Tools.tbx\CalculateField" Date="20230209" Time="002145">CalculateField 2023年\2023年县级 备注 "2014年新设图木舒克市，省直管,是县级单位" VB #</Process><Process ToolSource="e:\program files\arcgis\desktop\desktop10.6\ArcToolbox\Toolboxes\Data Management Tools.tbx\CalculateField" Date="20230209" Time="002851">CalculateField 2023年\2023年县级 备注 "2014年新设双河市，省直管,是县级单位" VB #</Process><Process ToolSource="e:\program files\arcgis\desktop\desktop10.6\ArcToolbox\Toolboxes\Data Management Tools.tbx\CalculateField" Date="20230209" Time="003152">CalculateField 2023年\2023年县级 曾用名 "2014年新设霍尔果斯市" VB #</Process><Process ToolSource="e:\program files\arcgis\desktop\desktop10.6\ArcToolbox\Toolboxes\Data Management Tools.tbx\CalculateField" Date="20230209" Time="003315">CalculateField 2023年\2023年县级 备注 "2014年新设霍尔果斯市" VB #</Process><Process ToolSource="e:\program files\arcgis\desktop\desktop10.6\ArcToolbox\Toolboxes\Data Management Tools.tbx\CalculateField" Date="20230209" Time="003323">CalculateField 2023年\2023年县级 曾用名 "" VB #</Process><Process ToolSource="e:\program files\arcgis\desktop\desktop10.6\ArcToolbox\Toolboxes\Data Management Tools.tbx\CalculateField" Date="20230209" Time="234053">CalculateField 2023年\2023年县级 曾用名 "崖城镇" VB #</Process><Process ToolSource="e:\program files\arcgis\desktop\desktop10.6\ArcToolbox\Toolboxes\Data Management Tools.tbx\CalculateField" Date="20230209" Time="234252">CalculateField 2023年\2023年县级 备注 "2014年撤销崖城镇，新设崖州区" VB #</Process><Process ToolSource="e:\program files\arcgis\desktop\desktop10.6\ArcToolbox\Toolboxes\Data Management Tools.tbx\CalculateField" Date="20230209" Time="234423">CalculateField 2023年\2023年县级 备注 "2014年新设天涯区" VB #</Process><Process ToolSource="e:\program files\arcgis\desktop\desktop10.6\ArcToolbox\Toolboxes\Data Management Tools.tbx\CalculateField" Date="20230209" Time="234613">CalculateField 2023年\2023年县级 曾用名 "吉阳镇" VB #</Process><Process ToolSource="e:\program files\arcgis\desktop\desktop10.6\ArcToolbox\Toolboxes\Data Management Tools.tbx\CalculateField" Date="20230209" Time="234718">CalculateField 2023年\2023年县级 备注 "2014年撤销吉阳镇，新设吉阳区" VB #</Process><Process ToolSource="e:\program files\arcgis\desktop\desktop10.6\ArcToolbox\Toolboxes\Data Management Tools.tbx\CalculateField" Date="20230209" Time="234842">CalculateField 2023年\2023年县级 曾用名 "海棠湾镇" VB #</Process><Process ToolSource="e:\program files\arcgis\desktop\desktop10.6\ArcToolbox\Toolboxes\Data Management Tools.tbx\CalculateField" Date="20230209" Time="234953">CalculateField 2023年\2023年县级 备注 "2014年撤销海棠湾镇，新设海棠区 " VB #</Process><Process ToolSource="e:\program files\arcgis\desktop\desktop10.6\ArcToolbox\Toolboxes\Data Management Tools.tbx\CalculateField" Date="20230209" Time="235438">CalculateField 2023年\2023年县级 曾用名 "东陵区 " VB #</Process><Process ToolSource="e:\program files\arcgis\desktop\desktop10.6\ArcToolbox\Toolboxes\Data Management Tools.tbx\CalculateField" Date="20230209" Time="235651">CalculateField 2023年\2023年县级 备注 "2014年东陵区更名为浑南区" VB #</Process><Process ToolSource="e:\program files\arcgis\desktop\desktop10.6\ArcToolbox\Toolboxes\Data Management Tools.tbx\CalculateField" Date="20230210" Time="000939">CalculateField 2023年\2023年县级 曾用名 "香格里拉县" VB #</Process><Process ToolSource="e:\program files\arcgis\desktop\desktop10.6\ArcToolbox\Toolboxes\Data Management Tools.tbx\CalculateField" Date="20230210" Time="001138">CalculateField 2023年\2023年县级 备注 "2013年撤销香格里拉县，设立香格里拉市" VB #</Process><Process ToolSource="e:\program files\arcgis\desktop\desktop10.6\ArcToolbox\Toolboxes\Data Management Tools.tbx\CalculateField" Date="20230212" Time="031514">CalculateField 2023年\2023年县级 year 2023 VB #</Process><Process ToolSource="e:\program files\arcgis\desktop\desktop10.6\ArcToolbox\Toolboxes\Data Management Tools.tbx\CalculateField" Date="20230212" Time="173549">CalculateField 2023年\2023年县级 曾用名 "昌都县" VB #</Process><Process ToolSource="e:\program files\arcgis\desktop\desktop10.6\ArcToolbox\Toolboxes\Data Management Tools.tbx\CalculateField" Date="20230212" Time="173556">CalculateField 2023年\2023年县级 备注 "2014年撤销昌都县，设立卡若区" VB #</Process></lineage></DataProperties></Esri></metadata>
